Version;n;known derivs;known_derivs_list;m rule;m;iterations;fct_evals;f_opt;x_opt
;;;;;;;;;
HD01_sum2_10d;[1. 1. 1. 1. 1. 1. 1. 1. 1. 1.];;;;;;;;
;;;;;;;;;
Version;n;known derivs;known_derivs_list;m rule;m;iterations;fct_evals;f_opt;x_opt
;;;;;;;;;
BOBYQA;10;0;[];2n+1;21;27;42;2,89E-18;"[ 2.21466572e-18  1.34450926e-18  4.66645559e-18  2.17272837e-18
 -3.40814114e-18  2.05779587e-17  2.69112969e-18 -3.92530194e-18
  1.76307631e-18 -2.07293979e-19]"
FullyDetQuadInterpol;10;0;[];0.5(n+1)(n+2);66;27;87;2,12E-13;"[-2.22006930e-15  2.88062101e-15  2.94233541e-15 -8.88360681e-17
  2.53952335e-15  3.21685289e-15 -3.01496252e-15  4.99915250e-17
 -4.93197486e-16 -6.24369881e-16]"
FullyDetLinearInterpol;10;0;[];n+1;11;475;554;6,13E+02;"[ 7.72007636e-07 -2.38953631e-08  7.17843963e-09 -2.06514919e-08
  2.64809812e-08  2.68324012e-08 -2.24492888e-08 -9.50726794e-09
  1.27337686e-08  7.34761056e-09]"
;;;;;;;;;
Trafo Version1;10;5;[2, 4, 5, 6, 8];m_default;16;160;246;1,17E+01;"[ 2.41149904e-08  3.76260959e-09  2.77256052e-21  2.46319421e-09
 -3.92464235e-22 -9.07910172e-22 -1.31129930e-22 -8.15783381e-09
  2.28051613e-22  6.46369358e-10]"
Trafo Version1;10;5;[0, 1, 6, 7, 8];m_default;16;101;153;5,88E-03;"[ 5.54340161e-21  5.95821986e-21  8.56022947e-10 -7.17040026e-10
 -8.41119475e-11 -1.70019444e-10  3.98958754e-23 -4.10941897e-22
  3.64173317e-22 -3.76097728e-10]"
Trafo Version1;10;5;[0, 1, 5, 7, 8];m_default;16;113;181;1,22E+00;"[-1.21299030e-19  2.48658928e-19  2.08600689e-09  1.28700184e-09
 -1.54436110e-09 -9.06174389e-20 -3.58448664e-09 -2.46616133e-19
  4.75458316e-20 -2.16435484e-10]"
Trafo Version1;10;7;[0, 2, 4, 5, 6, 8, 9];m_default;14;38;52;1,96E-13;"[ 4.30575159e-15  5.26950704e-17 -3.84608290e-16  2.99821845e-17
 -2.52375104e-16 -1.38411428e-16 -4.30604281e-17  7.57617678e-17
  1.07798214e-16 -1.81026443e-18]"
Trafo Version1;10;7;[0, 1, 2, 3, 5, 6, 8];m_default;14;46;65;2,84E-11;"[ 7.11764352e-15 -3.35484936e-14  2.99741337e-15  1.05606704e-14
 -4.25821700e-17  2.70514952e-15  1.58824129e-15  1.16774380e-16
 -4.90450667e-17 -4.68451152e-16]"
Trafo Version1;10;7;[0, 1, 3, 4, 5, 6, 7];m_default;14;44;61;6,87E-15;"[ 1.42203795e-17  1.72727985e-17  1.46840198e-15  1.54412769e-16
  3.56339698e-17  1.16699081e-17 -2.03151804e-16 -5.37999754e-18
  2.04154823e-17  2.99890650e-17]"
Trafo Version1;10;10;[0, 1, 2, 3, 4, 5, 6, 7, 8, 9];m_default;11;27;32;3,24E-18;"[-9.20315467e-20 -2.75153558e-17 -3.26484940e-18 -8.04786898e-18
 -8.82785451e-18 -6.56442351e-18  2.37673155e-20  6.31078469e-19
 -9.29312772e-18  4.19731269e-19]"
;;;;;;;;;
Trafo Version4;10;5;[2, 4, 5, 6, 8];m_default;21;27;42;5,39E-11;"[ 1.55725243e-13 -6.29987267e-14  4.11386156e-17  6.07793501e-14
  3.11634549e-17 -3.76217746e-17 -3.84970072e-18  4.80123125e-16
 -7.02195551e-18  2.64130060e-14]"
Trafo Version4;10;5;[0, 1, 6, 7, 8];m_default;21;27;42;1,61E-12;"[ 6.63754500e-17 -1.21563617e-16  3.70755531e-15  1.36414508e-14
 -3.51003164e-15 -3.48093978e-15 -6.59452322e-17 -4.79224802e-17
 -3.81030840e-17  8.28643620e-15]"
Trafo Version4;10;5;[0, 1, 5, 7, 8];m_default;21;27;42;2,38E-10;"[ 2.97630459e-16 -2.22979910e-16  2.06336460e-14 -6.54665060e-17
  7.27912248e-15  1.96099950e-17  5.83250928e-14 -4.46415113e-17
 -5.48964397e-17 -1.45782600e-13]"
Trafo Version4;10;7;[0, 2, 4, 5, 6, 8, 9];m_default;21;27;42;3,91E-12;"[ 2.09883280e-16  4.33797779e-14  7.28545465e-17 -5.60681306e-17
 -1.82355934e-16  1.60057494e-16  1.16275034e-16  4.19577262e-15
 -1.72119323e-16  6.87524933e-17]"
Trafo Version4;10;7;[0, 1, 2, 3, 5, 6, 8];m_default;21;27;42;1,57E-13;"[-1.55895269e-16 -1.00615386e-16 -4.07338420e-17  3.57691107e-18
 -3.94880472e-15  4.95858668e-18  5.64401716e-17  2.15332328e-15
 -7.22712026e-18 -2.03471507e-15]"
Trafo Version4;10;7;[0, 1, 3, 4, 5, 6, 7];m_default;21;27;42;6,40E-14;"[-1.91658479e-16  1.69422321e-17  3.26489022e-15  8.62115119e-19
 -1.27893394e-16  6.76074152e-18  2.57411199e-18  2.79115030e-17
 -1.48192391e-16  1.77927892e-15]"
Trafo Version4;10;10;[0, 1, 2, 3, 4, 5, 6, 7, 8, 9];m_default;21;27;42;5,52E-17;"[-2.16687836e-16 -1.08690612e-17 -2.65391294e-18  6.70114355e-19
 -4.77910138e-18  3.59878770e-17 -5.47363896e-19 -1.79399917e-18
  1.47178143e-18  2.21542828e-18]"
;;;;;;;;;
SQP (only FD);10;0;[];;;12;143;4,30E+08;"[ 1.02868433e-04 -7.19175474e-05  1.03679740e-04 -8.76466380e-05
  1.29888461e-04 -1.33817567e-04  1.39300939e-04 -1.51304479e-05
  3.43050923e-05  2.37971926e-05]"
SQP (mixed);10;5;[2, 4, 5, 6, 8];;;12;83;4,30E+08;"[ 1.02870208e-04 -7.19091297e-05  1.03685688e-04 -8.76409891e-05
  1.29895209e-04 -1.33813436e-04  1.39307612e-04 -1.51250194e-05
  3.43108033e-05  2.38028855e-05]"
SQP (mixed);10;5;[0, 1, 6, 7, 8];;;12;83;4,30E+08;"[ 1.02870208e-04 -7.19091297e-05  1.03685688e-04 -8.76409891e-05
  1.29895209e-04 -1.33813436e-04  1.39307612e-04 -1.51250194e-05
  3.43108033e-05  2.38028855e-05]"
SQP (mixed);10;5;[0, 1, 5, 7, 8];;;12;83;4,30E+09;"[ 1.02870208e-04 -7.19091297e-05  1.03685688e-04 -8.76409891e-05
  1.29895209e-04 -1.33813436e-04  1.39307612e-04 -1.51250194e-05
  3.43108033e-05  2.38028855e-05]"
SQP (mixed);10;7;[0, 2, 4, 5, 6, 8, 9];;;12;59;4,30E+09;"[ 1.02870208e-04 -7.19091297e-05  1.03685688e-04 -8.76409891e-05
  1.29895209e-04 -1.33813436e-04  1.39307612e-04 -1.51250194e-05
  3.43108033e-05  2.38028855e-05]"
SQP (mixed);10;7;[0, 1, 2, 3, 5, 6, 8];;;12;59;4,30E+08;"[ 1.02870208e-04 -7.19091297e-05  1.03685688e-04 -8.76409891e-05
  1.29895209e-04 -1.33813436e-04  1.39307612e-04 -1.51250194e-05
  3.43108033e-05  2.38028855e-05]"
SQP (mixed);10;7;[0, 1, 3, 4, 5, 6, 7];;;12;59;4,30E+08;"[ 1.02870208e-04 -7.19091297e-05  1.03685688e-04 -8.76409891e-05
  1.29895209e-04 -1.33813436e-04  1.39307612e-04 -1.51250194e-05
  3.43108033e-05  2.38028855e-05]"
SQP (mixed);10;10;[0, 1, 2, 3, 4, 5, 6, 7, 8, 9];;;12;23;4,30E+09;"[ 1.02870208e-04 -7.19091297e-05  1.03685688e-04 -8.76409891e-05
  1.29895209e-04 -1.33813436e-04  1.39307612e-04 -1.51250194e-05
  3.43108033e-05  2.38028855e-05]"
;;;;;;;;;
;;;;;;;;;
=====;=====;=====;=====;=====;=====;=====;;;
;;;;;;;;;
Version;n;known derivs;known_derivs_list;m rule;m;iterations;fct_evals;f_opt;x_opt
;;;;;;;;;
HD03_sphere_10d;[1. 1. 1. 1. 1. 1. 1. 1. 1. 1.];;;;;;;;
;;;;;;;;;
Version;n;known derivs;known_derivs_list;m rule;m;iterations;fct_evals;f_opt;x_opt
;;;;;;;;;
BOBYQA;10;0;[];2n+1;21;27;42;2,40E-19;"[-8.40640640e-18 -4.13793901e-18  4.47126275e-18 -6.33718435e-18
  4.94550012e-19 -3.99804571e-18  3.22876867e-18  4.05454471e-18
  5.65843249e-18  4.10552963e-18]"
FullyDetQuadInterpol;10;0;[];0.5(n+1)(n+2);66;27;87;2,58E-13;"[-3.55271368e-15 -4.29085022e-15  1.07420828e-14 -1.00073577e-14
  1.45894368e-15 -1.76088648e-15 -7.88538330e-16  4.37605778e-16
  5.52982739e-16  2.32815147e-15]"
FullyDetLinearInterpol;10;0;[];n+1;11;201;237;6,42E-02;"[ 3.42945005e-09  2.66622339e-09 -2.17317539e-09  2.69935830e-09
 -2.75902570e-09  7.02671407e-10 -4.71936190e-09 -1.42511233e-09
  3.96168948e-10 -8.73399053e-10]"
;;;;;;;;;
Trafo Version1;10;5;[0, 1, 2, 3, 4];m_default;16;100;143;2,85E-03;"[-1.80703510e-20 -2.75738943e-20  1.52449207e-20  2.15075046e-20
  9.17374912e-21 -9.47475286e-10 -2.40460028e-10  3.83913813e-10
  7.61294658e-10 -1.08089757e-09]"
Trafo Version1;10;5;[1, 4, 6, 8, 9];m_default;16;103;149;4,78E-03;"[ 8.57621414e-10  1.37569253e-20 -8.55222030e-11  1.80702102e-09
  5.19989815e-21 -8.67882633e-10 -2.55017100e-21  1.40050622e-10
 -1.33915089e-20  8.89908404e-21]"
Trafo Version1;10;5;[0, 1, 4, 7, 9];m_default;16;97;143;2,28E-02;"[-1.05165954e-21  3.77828553e-21 -1.39699156e-09  3.96434613e-10
 -2.47470743e-22 -4.01648479e-10  9.00548043e-11 -1.89971975e-21
  2.81286448e-11  4.94442895e-22]"
Trafo Version1;10;7;[1, 3, 4, 6, 7, 8, 9];m_default;14;44;61;7,17E-29;"[-2.06670876e-22  6.78670604e-23 -1.68335836e-23 -4.98378714e-23
 -8.49663462e-23  9.63639733e-23  1.81993495e-23  2.86648715e-23
 -5.00420994e-23 -3.86517225e-23]"
Trafo Version1;10;7;[0, 2, 4, 6, 7, 8, 9];m_default;14;43;57;7,95E-28;"[-2.90571542e-23 -8.27566018e-23  3.55860142e-23  2.86399827e-22
 -5.43571101e-23 -8.24384981e-22  2.05243239e-23 -1.41675052e-22
  2.50080231e-23  7.53553463e-24]"
Trafo Version1;10;7;[0, 2, 3, 4, 6, 7, 9];m_default;14;43;60;6,04E-27;"[ 1.24665461e-24  2.01785651e-21 -4.77457087e-23  1.20115392e-22
  1.35904505e-23  4.68245216e-22  9.05756517e-24  1.35243376e-22
 -1.30605827e-21  6.01745643e-23]"
Trafo Version1;10;10;[0, 1, 2, 3, 4, 5, 6, 7, 8, 9];m_default;11;27;32;1,24E-23;"[ 9.01780042e-21 -8.07151502e-20 -4.43633972e-20 -3.30872245e-20
 -3.10843135e-20 -2.39113835e-20 -9.01309967e-21  9.99301403e-21
  1.35067254e-20  2.89578535e-20]"
;;;;;;;;;
Trafo Version4;10;5;[0, 1, 2, 3, 4];m_default;21;27;42;5,04E-12;"[-7.54951657e-15  1.55431223e-15  1.33226763e-15  1.55431223e-15
  1.33226763e-15  2.19824159e-14 -4.79616347e-14  4.24105195e-14
  8.88178420e-16 -1.97619698e-14]"
Trafo Version4;10;5;[1, 4, 6, 8, 9];m_default;21;27;42;3,39E-12;"[-4.13002965e-14  3.10862447e-15  1.90958360e-14 -1.06581410e-14
  2.99760217e-15  1.53210777e-14  3.33066907e-15  3.03090886e-14
  3.33066907e-15  2.88657986e-15]"
Trafo Version4;10;5;[0, 1, 4, 7, 9];m_default;21;27;42;5,90E-13;"[-5.32907052e-15  1.33226763e-15  0.00000000e+00  9.54791801e-15
  1.33226763e-15  1.39888101e-14 -1.62092562e-14  1.33226763e-15
 -2.22044605e-15  1.33226763e-15]"
Trafo Version4;10;7;[1, 3, 4, 6, 7, 8, 9];m_default;21;27;42;1,75E-11;"[ 3.43434588e-14  1.45276300e-17 -6.74434920e-15 -4.93192973e-17
 -1.84651646e-17 -2.28757141e-14  1.67268920e-17 -2.47591079e-18
  1.89323403e-19  5.07608720e-17]"
Trafo Version4;10;7;[0, 2, 4, 6, 7, 8, 9];m_default;21;27;42;4,72E-13;"[ 2.34166010e-16 -3.66245452e-15 -2.47625460e-17 -1.27044067e-14
 -3.01352719e-17  1.72274960e-14 -3.53446123e-17 -1.67319246e-17
 -3.89336250e-17 -7.99466612e-17]"
Trafo Version4;10;7;[0, 2, 3, 4, 6, 7, 9];m_default;21;27;42;5,07E-13;"[-1.06208516e-16  4.36868815e-15 -7.86791539e-18  5.74340106e-17
  1.35222168e-17 -1.69957745e-14 -3.35068752e-19  2.00847860e-18
  1.41033147e-14 -1.55684484e-17]"
Trafo Version4;10;10;[0, 1, 2, 3, 4, 5, 6, 7, 8, 9];m_default;21;27;42;1,51E-17;"[ 6.41781902e-18  1.02948830e-17  1.29396385e-17  7.78495092e-18
 -1.14340284e-17  1.23437201e-18  4.98661009e-19  1.27259921e-18
  2.17085630e-18 -3.15305743e-17]"
;;;;;;;;;
SQP (only FD);10;0;[];;;2;23;0.0;[0. 0. 0. 0. 0. 0. 0. 0. 0. 0.]
SQP (mixed);10;5;[0, 1, 2, 3, 4];;;2;13;4,44E-14;"[-6.66133815e-16 -6.66133815e-16 -6.66133815e-16 -6.66133815e-16
 -6.66133815e-16  6.66133815e-16  6.66133815e-16  6.66133815e-16
  6.66133815e-16  6.66133815e-16]"
SQP (mixed);10;5;[1, 4, 6, 8, 9];;;2;13;4,44E-14;"[ 6.66133815e-16 -6.66133815e-16  6.66133815e-16  6.66133815e-16
 -6.66133815e-16  6.66133815e-16 -6.66133815e-16  6.66133815e-16
 -6.66133815e-16 -6.66133815e-16]"
SQP (mixed);10;5;[0, 1, 4, 7, 9];;;2;13;4,44E-14;"[-6.66133815e-16 -6.66133815e-16  6.66133815e-16  6.66133815e-16
 -6.66133815e-16  6.66133815e-16  6.66133815e-16 -6.66133815e-16
  6.66133815e-16 -6.66133815e-16]"
SQP (mixed);10;7;[1, 3, 4, 6, 7, 8, 9];;;2;9;3,75E-15;"[ 8.8817842e-16 -4.4408921e-16  8.8817842e-16 -4.4408921e-16
 -4.4408921e-16  8.8817842e-16 -4.4408921e-16 -4.4408921e-16
 -4.4408921e-16 -4.4408921e-16]"
SQP (mixed);10;7;[0, 2, 4, 6, 7, 8, 9];;;2;9;3,75E-15;"[-4.4408921e-16  8.8817842e-16 -4.4408921e-16  8.8817842e-16
 -4.4408921e-16  8.8817842e-16 -4.4408921e-16 -4.4408921e-16
 -4.4408921e-16 -4.4408921e-16]"
SQP (mixed);10;7;[0, 2, 3, 4, 6, 7, 9];;;2;9;3,75E-15;"[-4.4408921e-16  8.8817842e-16 -4.4408921e-16 -4.4408921e-16
 -4.4408921e-16  8.8817842e-16 -4.4408921e-16 -4.4408921e-16
  8.8817842e-16 -4.4408921e-16]"
SQP (mixed);10;10;[0, 1, 2, 3, 4, 5, 6, 7, 8, 9];;;2;3;0.0;[0. 0. 0. 0. 0. 0. 0. 0. 0. 0.]
;;;;;;;;;
;;;;;;;;;
=====;=====;=====;=====;=====;=====;=====;;;
;;;;;;;;;
Version;n;known derivs;known_derivs_list;m rule;m;iterations;fct_evals;f_opt;x_opt
;;;;;;;;;
HD04_dixon_10d;[-1. -1. -1. -1. -1. -1. -1. -1. -1. -1.];;;;;;;;
;;;;;;;;;
Version;n;known derivs;known_derivs_list;m rule;m;iterations;fct_evals;f_opt;x_opt
;;;;;;;;;
BOBYQA;10;0;[];2n+1;21;687;915;1,17E-01;[1. 1. 1. 1. 1. 1. 1. 1. 1. 1.]
FullyDetQuadInterpol;10;0;[];0.5(n+1)(n+2);66;529;838;2,41E-03;[1. 1. 1. 1. 1. 1. 1. 1. 1. 1.]
FullyDetLinearInterpol;10;0;[];n+1;11;3959;fail;0.500669006806316;"[0.97728515 0.94353376 0.88422296 0.77851144 0.60431466 0.36415464
 0.13250227 0.01929403 0.05259617 0.50140188]"
;;;;;;;;;
Trafo Version1;10;5;[2, 3, 5, 6, 9];m_default;16;739;1064;1,73E-01;[1. 1. 1. 1. 1. 1. 1. 1. 1. 1.]
Trafo Version1;10;5;[1, 4, 5, 7, 9];m_default;16;492;715;1,62E+00;[1. 1. 1. 1. 1. 1. 1. 1. 1. 1.]
Trafo Version1;10;5;[1, 2, 4, 6, 7];m_default;16;504;739;6,91E-02;[1. 1. 1. 1. 1. 1. 1. 1. 1. 1.]
Trafo Version1;10;7;[0, 1, 3, 4, 6, 8, 9];m_default;14;178;248;6,92E-07;[1. 1. 1. 1. 1. 1. 1. 1. 1. 1.]
Trafo Version1;10;7;[0, 2, 4, 5, 6, 8, 9];m_default;14;155;210;2,60E-04;[1. 1. 1. 1. 1. 1. 1. 1. 1. 1.]
Trafo Version1;10;7;[0, 1, 2, 6, 7, 8, 9];m_default;14;166;230;3,34E-08;[1. 1. 1. 1. 1. 1. 1. 1. 1. 1.]
Trafo Version1;10;10;[0, 1, 2, 3, 4, 5, 6, 7, 8, 9];m_default;11;149;194;1,33E-09;[1. 1. 1. 1. 1. 1. 1. 1. 1. 1.]
;;;;;;;;;
Trafo Version4;10;5;[2, 3, 5, 6, 9];m_default;21;3521;fail;0.49994934528557033;"[0.98215072 0.95614559 0.90962526 0.82629264 0.68262643 0.46587105
 0.21887282 0.05709418 0.09157633 0.50425238]"
Trafo Version4;10;5;[1, 4, 5, 7, 9];m_default;21;3521;fail;0.4949817456759546;"[0.99263099 0.97007218 0.93328234 0.8648271  0.75682302 0.58385811
 0.35490234 0.15638947 0.15585744 0.51096965]"
Trafo Version4;10;5;[1, 2, 4, 6, 7];m_default;21;3511;fail;0.49951208932541913;"[0.98282655 0.95868745 0.91476378 0.83416214 0.70131287 0.49690804
 0.25070742 0.07664814 0.10347368 0.50645539]"
Trafo Version4;10;7;[0, 1, 3, 4, 6, 8, 9];m_default;21;999;1453;1,23E+01;"[1.00000001 1.00000001 1.00000001 1.00000001 1.00000001 1.00000001
 1.00000001 1.00000001 1.         0.99999999]"
Trafo Version4;10;7;[0, 2, 4, 5, 6, 8, 9];m_default;21;1355;1957;2,82E-01;[1. 1. 1. 1. 1. 1. 1. 1. 1. 1.]
Trafo Version4;10;7;[0, 1, 2, 6, 7, 8, 9];m_default;21;1155;1673;1,47E+00;[1. 1. 1. 1. 1. 1. 1. 1. 1. 1.]
Trafo Version4;10;10;[0, 1, 2, 3, 4, 5, 6, 7, 8, 9];m_default;21;583;659;2,74E-01;[1. 1. 1. 1. 1. 1. 1. 1. 1. 1.]
;;;;;;;;;
SQP (only FD);10;0;[];;;53;607;2,15E+09;"[1.00001101 0.99999506 0.99998615 0.99991283 0.99996909 0.99997894
 0.99997015 1.00009869 1.00008701 1.00034776]"
SQP (mixed);10;5;[2, 3, 5, 6, 9];;;53;342;2,18E+09;"[1.00001423 0.99999436 0.99998934 0.99991272 0.99996266 0.99996779
 0.9999736  1.00009081 1.00007507 1.00034651]"
SQP (mixed);10;5;[1, 4, 5, 7, 9];;;53;342;2,18E+09;"[1.00001423 0.99999436 0.99998934 0.99991272 0.99996266 0.99996779
 0.9999736  1.00009081 1.00007507 1.00034651]"
SQP (mixed);10;5;[1, 2, 4, 6, 7];;;53;342;2,18E+08;"[1.00001423 0.99999436 0.99998934 0.99991272 0.99996266 0.99996779
 0.9999736  1.00009082 1.00007507 1.00034651]"
SQP (mixed);10;7;[0, 1, 3, 4, 6, 8, 9];;;53;236;2,18E+09;"[1.00001423 0.99999436 0.99998934 0.99991272 0.99996266 0.99996779
 0.9999736  1.00009081 1.00007507 1.00034651]"
SQP (mixed);10;7;[0, 2, 4, 5, 6, 8, 9];;;53;236;2,18E+09;"[1.00001423 0.99999436 0.99998934 0.99991272 0.99996266 0.99996779
 0.9999736  1.00009081 1.00007507 1.00034651]"
SQP (mixed);10;7;[0, 1, 2, 6, 7, 8, 9];;;53;236;2,18E+08;"[1.00001423 0.99999436 0.99998934 0.99991272 0.99996266 0.99996779
 0.9999736  1.00009081 1.00007507 1.00034651]"
SQP (mixed);10;10;[0, 1, 2, 3, 4, 5, 6, 7, 8, 9];;;53;77;2,18E+08;"[1.00001423 0.99999436 0.99998934 0.99991272 0.99996266 0.99996779
 0.9999736  1.00009081 1.00007507 1.00034651]"
;;;;;;;;;
;;;;;;;;;
=====;=====;=====;=====;=====;=====;=====;;;
;;;;;;;;;
Version;n;known derivs;known_derivs_list;m rule;m;iterations;fct_evals;f_opt;x_opt
;;;;;;;;;
HD05_genquartic_10d;[1. 1. 1. 1. 1. 1. 1. 1. 1. 1.];;;;;;;;
;;;;;;;;;
Version;n;known derivs;known_derivs_list;m rule;m;iterations;fct_evals;f_opt;x_opt
;;;;;;;;;
BOBYQA;10;0;[];2n+1;21;356;463;1,50E+00;"[-5.69419760e-10  1.61730362e-09  2.06082245e-09  3.26272232e-09
 -4.16534991e-09  4.94669653e-09 -1.43074357e-09 -1.70378418e-09
 -2.30663639e-09  3.24803248e-09]"
FullyDetQuadInterpol;10;0;[];0.5(n+1)(n+2);66;170;273;1,88E-04;"[ 2.25382531e-11  5.11422826e-11 -6.93491460e-12  2.70657714e-11
  4.68112502e-11 -1.26740024e-11  1.02430158e-11  1.46363412e-11
  5.56105203e-11  2.47255289e-12]"
FullyDetLinearInterpol;10;0;[];n+1;11;237;279;7,19E+00;"[-2.98746899e-08  9.34032874e-09 -1.10862755e-08 -5.52047276e-09
  4.11704563e-09 -3.55077130e-09  9.74129904e-09  5.06800700e-09
 -7.85699471e-09  7.34142318e-08]"
;;;;;;;;;
Trafo Version1;10;5;[3, 5, 6, 7, 9];m_default;16;99;155;4,42E-02;"[ 1.06814716e-09 -2.19949735e-09 -8.65719341e-10 -3.32940812e-17
  3.92764428e-09 -4.62371841e-17  3.32253856e-18  4.75221463e-18
  7.03873265e-10 -1.54451261e-16]"
Trafo Version1;10;5;[2, 4, 5, 6, 7];m_default;16;101;158;3,08E-02;"[ 3.93670352e-10 -1.40783086e-10 -1.14325864e-16  1.04053265e-09
 -4.98416967e-18 -1.16332614e-18 -1.88332294e-17  2.93273605e-17
 -3.52960284e-10 -6.86923217e-10]"
Trafo Version1;10;5;[1, 2, 4, 7, 8];m_default;16;115;167;3,69E-05;"[ 1.50535483e-09 -5.34537547e-17  1.56117830e-17  1.62205024e-10
  5.49059172e-17  9.40324194e-11  6.79312015e-10  3.03549663e-16
  4.23266297e-17  6.52498610e-10]"
Trafo Version1;10;7;[0, 2, 3, 5, 6, 7, 8];m_default;14;62;88;1,68E-09;"[ 1.16909617e-13 -2.38083548e-13 -1.97481674e-13  5.79982077e-14
 -3.05587951e-13  3.91459021e-14  1.22015245e-14  2.48904719e-14
 -9.37782056e-14  1.12149879e-12]"
Trafo Version1;10;7;[0, 1, 4, 5, 6, 7, 9];m_default;14;75;97;7,04E-04;"[ 2.50187407e-10 -3.05198011e-10 -1.11227225e-11 -8.75308233e-12
 -7.81354479e-11  1.09439987e-10 -4.56982221e-10  9.01744589e-13
 -1.12951228e-11 -2.55028458e-11]"
Trafo Version1;10;7;[0, 1, 2, 3, 5, 7, 8];m_default;14;69;95;3,93E-04;"[ 7.46681768e-11 -5.25115969e-12  1.51871191e-11 -7.12486581e-11
  8.11750937e-15 -2.06982136e-10  1.34920386e-14  3.70330442e-10
  9.18248462e-11 -4.21375694e-14]"
Trafo Version1;10;10;[0, 1, 2, 3, 4, 5, 6, 7, 8, 9];m_default;11;53;68;9,80E-10;"[ 3.43172045e-14  1.74182593e-13  2.46898139e-14 -5.19550661e-14
 -2.71455598e-13 -2.02552299e-13 -2.81222201e-13 -4.82352507e-14
  6.77112582e-14  7.14071360e-13]"
;;;;;;;;;
Trafo Version4;10;5;[3, 5, 6, 7, 9];m_default;21;357;541;1,73E+01;"[-4.22990225e-09  2.12700381e-08 -1.68934848e-08 -2.93363336e-10
 -8.20923452e-09  3.85684507e-09 -4.24622994e-11 -5.71805872e-09
  1.57315717e-09  6.08529703e-10]"
Trafo Version4;10;5;[2, 4, 5, 6, 7];m_default;21;476;701;1,45E+01;"[ 8.00029247e-09 -2.32697179e-08  1.01459306e-09  5.39245559e-08
 -1.26591459e-10 -2.66893224e-10  2.25795028e-09  7.63079580e-10
 -3.29650770e-08 -7.31791448e-08]"
Trafo Version4;10;5;[1, 2, 4, 7, 8];m_default;21;528;798;1,90E+01;"[-5.69975681e-09 -8.50864128e-09  9.41072128e-10 -1.14863027e-08
 -3.48186656e-09 -2.08392946e-08 -5.21014768e-09  1.19170335e-08
  9.24066154e-09 -7.35920507e-09]"
Trafo Version4;10;7;[0, 2, 3, 5, 6, 7, 8];m_default;21;324;477;9,78E-02;"[-3.84467382e-09  5.76213057e-09  2.76464397e-10  3.13919635e-09
 -1.06057079e-09  2.59432634e-09 -1.04363954e-08  3.79237659e-09
  2.65196061e-09 -2.45073249e-08]"
Trafo Version4;10;7;[0, 1, 4, 5, 6, 7, 9];m_default;21;351;521;8,23E+00;"[ 1.55388088e-08  1.74960897e-10  1.26789315e-08 -4.51655169e-08
 -9.28184415e-09 -9.31266793e-09  1.60147221e-08  1.24561353e-08
  3.44595219e-08 -6.70739354e-09]"
Trafo Version4;10;7;[0, 1, 2, 3, 5, 7, 8];m_default;21;248;369;4,78E+00;"[-1.15468925e-08 -1.35086007e-08 -7.73743833e-09  1.82798976e-09
  1.30313632e-08  2.92923187e-08  1.54134294e-08  1.05024412e-08
 -1.43644953e-08 -3.14678933e-08]"
Trafo Version4;10;10;[0, 1, 2, 3, 4, 5, 6, 7, 8, 9];m_default;21;327;364;1,40E+00;"[ 1.87812044e-09  1.27672464e-09  1.04727070e-09 -1.46109849e-08
  6.30948241e-09  1.86013329e-10 -1.77427151e-08  4.82488853e-09
 -8.72812973e-09  7.72749610e-09]"
;;;;;;;;;
SQP (only FD);10;0;[];;;13;150;2,40E+08;"[-2.10309655e-04 -1.60562069e-04 -1.11387805e-04 -9.04559167e-05
 -9.29692884e-05 -8.51658928e-05 -1.29003092e-04 -2.09704729e-05
 -1.02466731e-04 -1.27520346e-04]"
SQP (mixed);10;5;[3, 5, 6, 7, 9];;;13;85;2,40E+08;"[-2.10302168e-04 -1.60554519e-04 -1.11380285e-04 -9.04483978e-05
 -9.29617997e-05 -8.51584345e-05 -1.28995639e-04 -2.09629957e-05
 -1.02459228e-04 -1.27512928e-04]"
SQP (mixed);10;5;[2, 4, 5, 6, 7];;;13;85;2,40E+08;"[-2.10302168e-04 -1.60554519e-04 -1.11380285e-04 -9.04483978e-05
 -9.29617997e-05 -8.51584345e-05 -1.28995639e-04 -2.09629957e-05
 -1.02459228e-04 -1.27512928e-04]"
SQP (mixed);10;5;[1, 2, 4, 7, 8];;;13;85;2,40E+09;"[-2.10302168e-04 -1.60554519e-04 -1.11380285e-04 -9.04483978e-05
 -9.29617997e-05 -8.51584345e-05 -1.28995639e-04 -2.09629957e-05
 -1.02459228e-04 -1.27512928e-04]"
SQP (mixed);10;7;[0, 2, 3, 5, 6, 7, 8];;;13;59;2,40E+09;"[-2.10302168e-04 -1.60554519e-04 -1.11380285e-04 -9.04483978e-05
 -9.29617997e-05 -8.51584345e-05 -1.28995639e-04 -2.09629957e-05
 -1.02459228e-04 -1.27512928e-04]"
SQP (mixed);10;7;[0, 1, 4, 5, 6, 7, 9];;;13;59;2,40E+09;"[-2.10302168e-04 -1.60554519e-04 -1.11380285e-04 -9.04483978e-05
 -9.29617997e-05 -8.51584345e-05 -1.28995639e-04 -2.09629957e-05
 -1.02459228e-04 -1.27512928e-04]"
SQP (mixed);10;7;[0, 1, 2, 3, 5, 7, 8];;;13;59;2,40E+09;"[-2.10302168e-04 -1.60554519e-04 -1.11380285e-04 -9.04483978e-05
 -9.29617997e-05 -8.51584345e-05 -1.28995639e-04 -2.09629957e-05
 -1.02459228e-04 -1.27512928e-04]"
SQP (mixed);10;10;[0, 1, 2, 3, 4, 5, 6, 7, 8, 9];;;13;20;2,40E+09;"[-2.10302168e-04 -1.60554519e-04 -1.11380285e-04 -9.04483978e-05
 -9.29617997e-05 -8.51584345e-05 -1.28995639e-04 -2.09629957e-05
 -1.02459228e-04 -1.27512928e-04]"
;;;;;;;;;
;;;;;;;;;
=====;=====;=====;=====;=====;=====;=====;;;
;;;;;;;;;
Version;n;known derivs;known_derivs_list;m rule;m;iterations;fct_evals;f_opt;x_opt
;;;;;;;;;
HD06_dixon_10d;[-1. -1. -1. -1. -1. -1. -1. -1. -1. -1.];;;;;;;;
;;;;;;;;;
Version;n;known derivs;known_derivs_list;m rule;m;iterations;fct_evals;f_opt;x_opt
;;;;;;;;;
BOBYQA;10;0;[];2n+1;21;271;339;5,77E-04;[1. 1. 1. 1. 1. 1. 1. 1. 1. 1.]
FullyDetQuadInterpol;10;0;[];0.5(n+1)(n+2);66;27;87;2,02E-11;[1. 1. 1. 1. 1. 1. 1. 1. 1. 1.]
FullyDetLinearInterpol;10;0;[];n+1;11;1383;1723;1,96E+08;"[0.99993791 0.99987901 0.99985581 0.9998217  0.99982084 0.99982096
 0.99981494 0.99984531 0.99986505 0.99994072]"
;;;;;;;;;
Trafo Version1;10;5;[0, 4, 5, 6, 9];m_default;16;198;296;4,21E+00;"[0.99999999 0.99999998 0.99999998 0.99999997 0.99999998 0.99999998
 0.99999999 0.99999999 1.         1.        ]"
Trafo Version1;10;5;[0, 3, 4, 7, 9];m_default;16;200;308;1,52E+00;"[1.00000001 1.00000001 1.00000001 1.00000001 1.00000001 1.00000001
 1.00000001 1.00000001 1.00000001 1.        ]"
Trafo Version1;10;5;[1, 2, 3, 5, 6];m_default;16;187;284;8,93E-02;"[1.         0.99999999 0.99999999 0.99999999 0.99999999 0.99999999
 0.99999999 0.99999999 1.         1.        ]"
Trafo Version1;10;7;[0, 1, 4, 5, 6, 7, 9];m_default;14;41;57;8,82E-13;[1. 1. 1. 1. 1. 1. 1. 1. 1. 1.]
Trafo Version1;10;7;[2, 3, 4, 6, 7, 8, 9];m_default;14;42;59;1,05E-10;[1. 1. 1. 1. 1. 1. 1. 1. 1. 1.]
Trafo Version1;10;7;[0, 2, 3, 6, 7, 8, 9];m_default;14;43;60;1,71E-14;[1. 1. 1. 1. 1. 1. 1. 1. 1. 1.]
Trafo Version1;10;10;[0, 1, 2, 3, 4, 5, 6, 7, 8, 9];m_default;11;27;32;0.0;[1. 1. 1. 1. 1. 1. 1. 1. 1. 1.]
;;;;;;;;;
Trafo Version4;10;5;[0, 4, 5, 6, 9];m_default;21;988;1395;6,16E+00;"[0.99999997 0.99999995 0.99999992 0.9999999  0.99999993 0.99999995
 0.99999998 1.         1.00000003 1.00000001]"
Trafo Version4;10;5;[0, 3, 4, 7, 9];m_default;21;1691;2435;1,24E+06;"[0.99997979 0.99996085 0.99995603 0.99995606 0.99995599 0.99995559
 0.99995941 0.99997148 0.99998414 0.99999232]"
Trafo Version4;10;5;[1, 2, 3, 5, 6];m_default;21;1526;2238;9,80E+02;"[0.99999975 0.99999943 0.99999913 0.99999884 0.99999856 0.9999986
 0.99999865 0.99999876 0.99999912 0.99999968]"
Trafo Version4;10;7;[0, 1, 4, 5, 6, 7, 9];m_default;21;344;517;1,42E+00;"[0.99999999 0.99999999 0.99999998 0.99999999 0.99999999 0.99999999
 0.99999999 0.99999999 0.99999999 1.        ]"
Trafo Version4;10;7;[2, 3, 4, 6, 7, 8, 9];m_default;21;352;536;8,10E-01;"[1.00000001 1.00000002 1.00000003 1.00000004 1.00000003 1.00000003
 1.00000003 1.00000002 1.00000002 1.00000002]"
Trafo Version4;10;7;[0, 2, 3, 6, 7, 8, 9];m_default;21;449;646;1,64E-01;[1. 1. 1. 1. 1. 1. 1. 1. 1. 1.]
Trafo Version4;10;10;[0, 1, 2, 3, 4, 5, 6, 7, 8, 9];m_default;21;282;320;4,97E-02;[1. 1. 1. 1. 1. 1. 1. 1. 1. 1.]
;;;;;;;;;
SQP (only FD);10;0;[];;;7;81;1,97E+03;"[1.00000003 0.99999979 0.99999996 0.99999987 0.99999986 0.99999986
 0.99999987 0.99999981 1.00000004 0.99999987]"
SQP (mixed);10;5;[0, 4, 5, 6, 9];;;7;46;2,04E-11;[1. 1. 1. 1. 1. 1. 1. 1. 1. 1.]
SQP (mixed);10;5;[0, 3, 4, 7, 9];;;7;46;6,81E-12;[1. 1. 1. 1. 1. 1. 1. 1. 1. 1.]
SQP (mixed);10;5;[1, 2, 3, 5, 6];;;7;46;1,09E-10;[1. 1. 1. 1. 1. 1. 1. 1. 1. 1.]
SQP (mixed);10;7;[0, 1, 4, 5, 6, 7, 9];;;7;32;2,66E-11;[1. 1. 1. 1. 1. 1. 1. 1. 1. 1.]
SQP (mixed);10;7;[2, 3, 4, 6, 7, 8, 9];;;7;32;2,12E-11;[1. 1. 1. 1. 1. 1. 1. 1. 1. 1.]
SQP (mixed);10;7;[0, 2, 3, 6, 7, 8, 9];;;7;32;1,05E-10;[1. 1. 1. 1. 1. 1. 1. 1. 1. 1.]
SQP (mixed);10;10;[0, 1, 2, 3, 4, 5, 6, 7, 8, 9];;;7;11;7,39E-13;[1. 1. 1. 1. 1. 1. 1. 1. 1. 1.]
;;;;;;;;;
;;;;;;;;;
=====;=====;=====;=====;=====;=====;=====;;;
;;;;;;;;;
Version;n;known derivs;known_derivs_list;m rule;m;iterations;fct_evals;f_opt;x_opt
;;;;;;;;;
HD09_trid_10d;[0. 0. 0. 0. 0. 0. 0. 0. 0. 0.];;;;;;;;
;;;;;;;;;
Version;n;known derivs;known_derivs_list;m rule;m;iterations;fct_evals;f_opt;x_opt
;;;;;;;;;
BOBYQA;10;0;[];2n+1;21;249;336;-20.999.999.999.999.800;"[ 9.99999793 17.99999748 23.99999746 27.99999722 29.99999705 29.99999769
 27.99999808 23.99999901 17.9999995   9.99999992]"
FullyDetQuadInterpol;10;0;[];0.5(n+1)(n+2);66;121;275;-21.000.000.000.000.100;"[10.00000017 18.00000036 23.99999936 27.99999988 30.00000013 30.00000015
 28.00000058 24.00000018 18.00000001  9.99999994]"
FullyDetLinearInterpol;10;0;[];n+1;11;1795;2194;-20.999.999.998.687.100;"[ 9.99993363 17.99986509 23.99981681 27.99977694 29.99975989 29.9997611
 27.99977959 23.99982232 17.99987836  9.99992832]"
;;;;;;;;;
Trafo Version1;10;5;[0, 2, 3, 5, 9];m_default;16;222;348;-20.999.999.999.999.500;"[10.00000195 18.00000359 24.00000406 28.00000403 30.00000351 30.00000417
 28.00000357 24.00000284 18.00000232 10.00000139]"
Trafo Version1;10;5;[0, 2, 6, 7, 9];m_default;16;202;311;-20.999.999.999.999.600;"[10.00000119 18.00000208 24.00000312 28.00000419 30.00000419 30.00000444
 28.00000454 24.00000408 18.00000317 10.00000171]"
Trafo Version1;10;5;[3, 5, 6, 8, 9];m_default;16;135;220;-2.099.999.999.999.990;"[10.00000037 18.00000001 24.00000089 28.00000177 30.00000233 30.00000276
 28.0000026  24.00000204 18.00000155 10.00000081]"
Trafo Version1;10;7;[0, 1, 5, 6, 7, 8, 9];m_default;14;55;88;-2.100.000.000.000.000;[10. 18. 24. 28. 30. 30. 28. 24. 18. 10.]
Trafo Version1;10;7;[0, 1, 3, 4, 6, 8, 9];m_default;14;58;90;-21.000.000.000.000.100;"[10.         18.         24.00000008 28.         30.         30.
 28.         24.00000005 18.         10.        ]"
Trafo Version1;10;7;[0, 1, 2, 3, 6, 7, 8];m_default;14;53;87;-2.100.000.000.000.000;"[10.00000001 18.00000067 24.00000017 27.99999981 29.99999998 30.00000014
 28.00000032 23.99999985 17.99999946  9.99999977]"
Trafo Version1;10;10;[0, 1, 2, 3, 4, 5, 6, 7, 8, 9];m_default;11;36;54;-2.100.000.000.000.000;"[ 9.99999993 17.99999985 23.99999978 27.99999972 29.9999997  29.9999997
 27.99999972 23.99999978 17.99999984  9.99999994]"
;;;;;;;;;
Trafo Version4;10;5;[0, 2, 3, 5, 9];m_default;21;2184;3173;-20.999.999.999.547.400;"[ 9.99996314 17.99992501 23.99990714 27.99988936 29.9998732  29.99986655
 27.9998628  23.99987734 17.99991212  9.99995676]"
Trafo Version4;10;5;[0, 2, 6, 7, 9];m_default;21;1698;2465;-2.099.999.999.973.740;"[ 9.99996811 17.99993518 23.99991825 27.99990122 29.99988567 29.9998936
 27.99991365 23.99993362 17.99995538  9.99997663]"
Trafo Version4;10;5;[3, 5, 6, 8, 9];m_default;21;1073;1546;-20.999.999.999.999.300;"[ 9.99999836 17.99999729 23.99999526 27.9999949  29.99999445 29.999995
 27.99999545 23.99999588 17.99999715  9.99999851]"
Trafo Version4;10;7;[0, 1, 5, 6, 7, 8, 9];m_default;21;415;616;-20.999.999.999.999.800;"[10.00000129 18.00000247 24.0000033  28.00000364 30.00000378 30.00000308
 28.00000241 24.00000185 18.00000128 10.0000007 ]"
Trafo Version4;10;7;[0, 1, 3, 4, 6, 8, 9];m_default;21;337;520;-2.100.000.000.000.000;"[10.00000007 17.99999985 23.9999995  27.99999862 29.99999824 29.9999978
 27.99999747 23.99999774 17.99999888  9.99999976]"
Trafo Version4;10;7;[0, 1, 2, 3, 6, 7, 8];m_default;21;236;369;-2.100.000.000.000.000;"[ 9.99999989 17.99999976 23.99999974 27.99999973 29.99999977 30.00000046
 28.00000052 24.00000032 18.00000005  9.99999972]"
Trafo Version4;10;10;[0, 1, 2, 3, 4, 5, 6, 7, 8, 9];m_default;21;214;288;-2.099.999.999.999.990;"[ 9.99999866 17.99999827 23.999998   27.9999981  29.99999803 29.9999981
 27.99999825 23.99999883 18.00000005  9.99999993]"
;;;;;;;;;
SQP (only FD);10;0;[];;;10;111;-20.999.999.980.757.400;"[ 9.99979582 17.99953171 23.99945443 27.99937384 29.9991408  29.99931608
 27.99921075 23.99938764 17.9996571   9.99979592]"
SQP (mixed);10;5;[0, 2, 3, 5, 9];;;10;61;-20.999.999.999.966.800;"[10.00000241 18.00000284 23.99999486 27.99998072 29.99997275 29.99997275
 27.99998072 23.99999486 18.00000284 10.00000241]"
SQP (mixed);10;5;[0, 2, 6, 7, 9];;;10;61;-20.999.999.999.966.600;"[10.00000241 18.00000284 23.99999486 27.99998072 29.99997275 29.99997275
 27.99998072 23.99999486 18.00000284 10.00000241]"
SQP (mixed);10;5;[3, 5, 6, 8, 9];;;10;61;-20.999.999.999.966.600;"[10.00000241 18.00000284 23.99999486 27.99998072 29.99997275 29.99997275
 27.99998072 23.99999486 18.00000284 10.00000241]"
SQP (mixed);10;7;[0, 1, 5, 6, 7, 8, 9];;;10;41;-20.999.999.999.966.700;"[10.00000241 18.00000284 23.99999486 27.99998072 29.99997275 29.99997275
 27.99998072 23.99999486 18.00000284 10.00000241]"
SQP (mixed);10;7;[0, 1, 3, 4, 6, 8, 9];;;10;41;-20.999.999.999.966.600;"[10.00000241 18.00000284 23.99999486 27.99998072 29.99997275 29.99997275
 27.99998072 23.99999486 18.00000284 10.00000241]"
SQP (mixed);10;7;[0, 1, 2, 3, 6, 7, 8];;;10;41;-20.999.999.999.966.600;"[10.00000241 18.00000284 23.99999486 27.99998072 29.99997275 29.99997275
 27.99998072 23.99999486 18.00000284 10.00000241]"
SQP (mixed);10;10;[0, 1, 2, 3, 4, 5, 6, 7, 8, 9];;;10;11;-20.999.999.999.966.700;"[10.00000241 18.00000284 23.99999486 27.99998072 29.99997275 29.99997275
 27.99998072 23.99999486 18.00000284 10.00000241]"
;;;;;;;;;
;;;;;;;;;
=====;=====;=====;=====;=====;=====;=====;;;
;;;;;;;;;
Version;n;known derivs;known_derivs_list;m rule;m;iterations;fct_evals;f_opt;x_opt
;;;;;;;;;
HD11_rothyperellipsoid_10d;[1. 1. 1. 1. 1. 1. 1. 1. 1. 1.];;;;;;;;
;;;;;;;;;
Version;n;known derivs;known_derivs_list;m rule;m;iterations;fct_evals;f_opt;x_opt
;;;;;;;;;
BOBYQA;10;0;[];2n+1;21;27;42;4,17E-16;"[-2.68651614e-19  5.30956056e-17  1.11465770e-17  2.35620934e-17
 -5.62506847e-17 -2.63421122e-17  2.32175276e-16  2.21837793e-16
  1.95477081e-17  1.22829846e-17]"
FullyDetQuadInterpol;10;0;[];0.5(n+1)(n+2);66;27;87;5,60E-12;"[-9.77038092e-16  6.77498203e-15 -3.83956697e-15 -3.74760937e-16
  5.81054840e-16  6.63088392e-16 -1.46983855e-15 -1.32319145e-15
  3.50665612e-17 -1.33061781e-16]"
FullyDetLinearInterpol;10;0;[];n+1;11;485;566;1,37E+04;"[ 2.52366251e-08  7.44038702e-09 -2.25467434e-09 -1.65098251e-08
 -1.13303408e-08 -6.52722977e-08 -5.22207798e-08  6.06467168e-08
 -3.39151166e-07  1.04245949e-06]"
;;;;;;;;;
Trafo Version1;10;5;[0, 2, 3, 4, 8];m_default;16;111;177;2,18E-01;"[ 6.82424747e-12  3.72210445e-09 -1.11445715e-23 -1.91018012e-22
  7.94391503e-22 -1.48731522e-09  2.22338242e-09  1.42195683e-09
 -1.47437945e-22  7.51760169e-09]"
Trafo Version1;10;5;[0, 2, 4, 5, 6];m_default;16;144;222;1,36E+00;"[ 4.18793937e-20  3.45215143e-10  1.72663045e-19 -1.80067830e-10
 -1.19002252e-19  9.65182766e-20 -3.36996227e-20 -1.91455915e-09
 -1.45026768e-09  1.09392828e-08]"
Trafo Version1;10;5;[3, 4, 7, 8, 9];m_default;16;101;159;5,45E-02;"[ 2.82704523e-10  1.94556239e-09  1.49337667e-09  5.39528279e-22
  4.62066057e-22 -5.81577065e-10 -1.52618676e-10  9.28438679e-22
  2.32699291e-17  3.12589419e-13]"
Trafo Version1;10;7;[3, 4, 5, 6, 7, 8, 9];m_default;14;41;57;7,43E-18;"[ 2.72267745e-19 -5.66364715e-20  3.76559338e-19  7.97348392e-18
 -1.29612401e-17 -7.29372168e-18  1.87922803e-18 -9.71461512e-18
  4.81093937e-17  2.79035158e-17]"
Trafo Version1;10;7;[0, 1, 3, 5, 6, 7, 9];m_default;14;45;62;3,52E-13;"[-2.92489285e-16  1.18992907e-15  9.87069553e-17  1.68812989e-15
  3.94003009e-17 -6.47904123e-15  3.66903172e-15 -4.22215667e-15
 -8.22734720e-16 -4.99710712e-16]"
Trafo Version1;10;7;[0, 1, 2, 4, 5, 6, 7];m_default;14;44;59;2,61E-14;"[ 4.59984662e-17 -5.66323668e-16  6.76884177e-16 -4.33999620e-16
  1.34236742e-15 -1.15914218e-16 -1.18859405e-15  7.26740205e-16
  2.42942633e-16 -3.67031616e-18]"
Trafo Version1;10;10;[0, 1, 2, 3, 4, 5, 6, 7, 8, 9];m_default;11;27;32;1,46E-17;"[-3.01556114e-21 -1.75838374e-19  6.71036048e-19 -2.83987839e-18
 -7.60360011e-18 -1.32792163e-17  5.61097024e-18  3.43783580e-18
 -1.62904185e-18  1.31387651e-19]"
;;;;;;;;;
Trafo Version4;10;5;[0, 2, 3, 4, 8];m_default;21;27;42;1,76E-09;"[-1.02140518e-14 -2.24265051e-14  4.21884749e-15  3.66373598e-15
  7.21644966e-15  7.41628980e-14 -1.99840144e-14 -7.19424520e-14
  1.88737914e-14  3.52273766e-13]"
Trafo Version4;10;5;[0, 2, 4, 5, 6];m_default;21;27;42;6,42E-12;"[ 2.71531287e-17 -5.13749500e-15  4.98826660e-17 -5.20646898e-16
 -3.80629658e-17 -4.18636983e-17  1.23437206e-17 -2.40449581e-14
  3.58287396e-14  4.33561976e-14]"
Trafo Version4;10;5;[3, 4, 7, 8, 9];m_default;21;27;42;7,32E-12;"[ 1.20518398e-14 -1.57068260e-14 -6.60545463e-15 -2.12956632e-17
  4.16807515e-17 -1.21281345e-14  2.53074831e-14  1.66815300e-16
 -1.72704318e-16  1.46190991e-16]"
Trafo Version4;10;7;[3, 4, 5, 6, 7, 8, 9];m_default;21;27;42;1,36E-12;"[-9.66619471e-15  6.85423485e-15  3.44777841e-16 -9.06828726e-17
  1.03433255e-16  8.55818854e-17 -1.20987541e-17  5.93931655e-17
 -6.26885111e-17 -2.95643691e-16]"
Trafo Version4;10;7;[0, 1, 3, 5, 6, 7, 9];m_default;21;27;42;2,43E-11;"[ 8.55062255e-16 -4.63560921e-16 -1.35492098e-14 -3.38564804e-16
 -3.94861315e-14 -2.06649683e-16 -8.24908411e-17 -6.08238798e-17
 -8.19072564e-14 -8.82444911e-16]"
Trafo Version4;10;7;[0, 1, 2, 4, 5, 6, 7];m_default;21;27;42;1,61E-09;"[-9.54791801e-15  9.99200722e-16  5.55111512e-16 -1.11022302e-15
  8.88178420e-16 -1.33226763e-15 -3.99680289e-15 -7.77156117e-15
  1.25011113e-13 -3.57935903e-13]"
Trafo Version4;10;10;[0, 1, 2, 3, 4, 5, 6, 7, 8, 9];m_default;21;27;42;1,17E-17;"[-6.69510710e-18  1.44476686e-18 -2.69742400e-17  2.53396282e-17
 -9.26272988e-18  2.40832135e-18  7.85175008e-18  1.57554733e-18
  4.83999569e-18  7.48445202e-18]"
;;;;;;;;;
SQP (only FD);10;0;[];;;12;143;2,56E+00;"[-5.92670338e-09 -6.23465961e-09 -6.80292556e-09 -7.13219052e-09
 -7.15063216e-09 -7.25876980e-09 -7.29251738e-09 -7.72975543e-09
 -8.23593207e-09 -5.51934826e-09]"
SQP (mixed);10;5;[0, 2, 3, 4, 8];;;12;83;5,01E-13;"[ 6.39516651e-16 -5.19549681e-16 -1.00302253e-15 -1.28868270e-15
 -1.41423331e-15 -1.09461051e-15 -3.98986399e-16  5.58580959e-16
  1.28369537e-15  1.01654796e-15]"
SQP (mixed);10;5;[0, 2, 4, 5, 6];;;12;83;1,64E-13;"[-3.53992009e-17 -1.55311961e-16  7.89759967e-16  9.32413868e-16
  2.26381414e-16 -4.83120488e-16 -7.18175519e-16 -6.01949046e-16
 -3.93782229e-16 -3.52148866e-16]"
SQP (mixed);10;5;[3, 4, 7, 8, 9];;;12;83;8,64E-14;"[-6.34393796e-15 -1.83799373e-15  1.24046281e-15  3.19861325e-15
  4.26568503e-15  4.63171168e-15  4.34548231e-15  3.63251096e-15
  2.66280054e-15  1.39124823e-15]"
SQP (mixed);10;7;[3, 4, 5, 6, 7, 8, 9];;;12;59;2,13E-14;"[-1.94343239e-16 -7.22620748e-17 -1.10859672e-16 -2.16623594e-16
 -3.10949183e-16 -2.92300906e-16 -1.63064007e-16  1.73472348e-17
  1.90819582e-16  3.03576608e-16]"
SQP (mixed);10;7;[0, 1, 3, 5, 6, 7, 9];;;12;59;8,28E-16;"[-3.90854883e-17  1.49999371e-16  1.34332649e-16 -2.05998413e-17
 -1.08853898e-16 -1.59594560e-16 -1.80411242e-16 -1.66533454e-16
 -1.37043155e-16 -1.14491749e-16]"
SQP (mixed);10;7;[0, 1, 2, 4, 5, 6, 7];;;12;59;3,05E-13;"[ 3.70081570e-15  8.37166707e-16 -8.52941849e-16 -1.89496856e-15
 -2.55524768e-15 -2.86229374e-15 -2.77208811e-15 -2.23258911e-15
 -1.46410661e-15 -6.74807432e-16]"
SQP (mixed);10;10;[0, 1, 2, 3, 4, 5, 6, 7, 8, 9];;;12;23;2,23E-17;"[ 3.81097064e-17 -1.09504419e-17  1.01101853e-17  1.17093835e-17
 -9.10729825e-18 -9.54097912e-18  0.00000000e+00  3.46944695e-18
 -2.77555756e-17 -4.85722573e-17]"
;;;;;;;;;
;;;;;;;;;
=====;=====;=====;=====;=====;=====;=====;;;
